year,region,value
2020,Sub-Saharan Africa,201822.269243479
2020,rest of the world,85415.64314496401
