year,region,value
2020,Low and Lower middle income,272332.7619238447
2020,rest of the world,14905.150464598322
